                  epoch,         train/box_loss,         train/cls_loss,         train/dfl_loss,   metrics/precision(B),      metrics/recall(B),       metrics/mAP50(B),    metrics/mAP50-95(B),           val/box_loss,           val/cls_loss,           val/dfl_loss,                 lr/pg0,                 lr/pg1,                 lr/pg2
                      1,                  3.099,                 3.6757,                  4.321,                0.00482,                  0.695,                0.01477,                0.00487,                   2.61,                 3.9792,                 4.1579,             0.00011669,             0.00011669,             0.00011669
                      2,                 3.1339,                 3.6363,                 4.2398,                0.00471,                  0.675,                0.01552,                0.00592,                 2.6073,                  3.981,                 4.1544,             0.00020054,             0.00020054,             0.00020054
                      3,                 3.0631,                 3.5175,                 4.1921,                0.00486,                0.69583,                0.01531,                 0.0056,                  2.604,                 3.9807,                 4.1487,             0.00023158,             0.00023158,             0.00023158
                      4,                 2.9707,                 3.5986,                 4.1732,                0.00464,                0.69583,                0.01783,                0.00686,                 2.6028,                  3.978,                 4.1431,             0.00020981,             0.00020981,             0.00020981
                      5,                 3.1194,                 3.5648,                 4.1412,                0.00463,                0.69583,                 0.0383,                0.01183,                 2.6031,                 3.9751,                 4.1384,             0.00013523,             0.00013523,             0.00013523
